id,message,true_intent,expected_action,expected_reply_points,notes
gold_001,@AppleSupport My iPhone screen went completely black after the latest update and won't turn on!,software_update,AUTO-HANDLE,Connect to computer; enter Recovery Mode via iTunes or Finder to update/restore.,candidate_for_human_verification - Curated AppleSupport domain example
gold_002,"@AppleSupport Since updating to iOS 17.2, my WiFi disconnects every 5 minutes continuously.",software_update,AUTO-HANDLE,Reset Network Settings in Settings > General > Transfer or Reset iPhone.,candidate_for_human_verification - Curated AppleSupport domain example
gold_003,@AppleSupport Phone stuck on black screen with spinning wheel during system update.,software_update,AUTO-HANDLE,Connect to computer; enter Recovery Mode via iTunes or Finder to update/restore.,candidate_for_human_verification - Curated AppleSupport domain example
gold_004,@AppleSupport Camera app freezes and shows a black view after installing latest update.,software_update,AUTO-HANDLE,Force quit camera app; restart phone; reset all settings if issue persists.,candidate_for_human_verification - Curated AppleSupport domain example
gold_005,@AppleSupport Can I downgrade from iOS 17 back to iOS 16 without losing my data?,software_update,AUTO-HANDLE,Downgrading is generally not supported once signing ends; backup before restoring.,candidate_for_human_verification - Curated AppleSupport domain example
gold_006,@AppleSupport Bluetooth disconnects every time I start a phone call post update.,software_update,AUTO-HANDLE,Forget Bluetooth device and re-pair; reset network settings.,candidate_for_human_verification - Curated AppleSupport domain example
gold_007,@AppleSupport Apps lock up immediately upon launch on iOS 17.1.,software_update,AUTO-HANDLE,Check App Store for pending app updates; reinstall affected apps.,candidate_for_human_verification - Curated AppleSupport domain example
gold_008,@AppleSupport Keyboard lag is unbearable when typing long messages after update.,software_update,AUTO-HANDLE,Reset Keyboard Dictionary in Settings > General > Transfer or Reset.,candidate_for_human_verification - Curated AppleSupport domain example
gold_009,@AppleSupport Notification sounds stopped working completely post update.,software_update,AUTO-HANDLE,Verify Focus modes and Do Not Disturb switches; check Alert volumes.,candidate_for_human_verification - Curated AppleSupport domain example
gold_010,@AppleSupport iPhone reboots every 10 minutes continuously since updating last night.,software_update,AUTO-HANDLE,Perform force restart; check analytics for kernel panic logs.,candidate_for_human_verification - Curated AppleSupport domain example
gold_011,@AppleSupport AirDrop fails to detect nearby Apple devices after the recent update.,software_update,AUTO-HANDLE,Toggle AirDrop permissions to 'Everyone for 10 Minutes'; reset network settings.,candidate_for_human_verification - Curated AppleSupport domain example
gold_012,@AppleSupport Cellular data icon disappeared from control center on iOS 17.,software_update,AUTO-HANDLE,Check Carrier Settings Update in Settings > General > About.,candidate_for_human_verification - Curated AppleSupport domain example
gold_013,@AppleSupport Safari keeps crashing whenever I open a new tab on iPadOS.,software_update,AUTO-HANDLE,Clear history and website data in Settings > Safari.,candidate_for_human_verification - Curated AppleSupport domain example
gold_014,@AppleSupport Apple Music app won't open after updating my phone software.,software_update,AUTO-HANDLE,Restart iPhone; offload and reinstall the Apple Music application.,candidate_for_human_verification - Curated AppleSupport domain example
gold_015,@AppleSupport Face ID stopped working and says 'Not Available' after update.,software_update,AUTO-HANDLE,Force restart iPhone; inspect true depth camera for obstruction.,candidate_for_human_verification - Curated AppleSupport domain example
gold_016,@AppleSupport Screen brightness stays at minimum level and auto-brightness is broken post patch.,software_update,AUTO-HANDLE,Toggle Auto-Brightness off/on under Accessibility > Display & Text Size.,candidate_for_human_verification - Curated AppleSupport domain example
gold_017,@AppleSupport Storage space shows 'Other System Data' consuming 40GB after update.,software_update,AUTO-HANDLE,Backup device to iCloud/Mac and restore via Recovery Mode.,candidate_for_human_verification - Curated AppleSupport domain example
gold_018,@AppleSupport Haptic keyboard feedback stopped responding after system update.,software_update,AUTO-HANDLE,Ensure Haptic is enabled under Settings > Sounds & Haptics > Keyboard Feedback.,candidate_for_human_verification - Curated AppleSupport domain example
gold_019,@AppleSupport CarPlay disconnects every time screen locks post iOS 17 update.,software_update,AUTO-HANDLE,Forget car connection in CarPlay settings and pair again via USB/Bluetooth.,candidate_for_human_verification - Curated AppleSupport domain example
gold_020,@AppleSupport Control Center layout reset to default after updating.,software_update,AUTO-HANDLE,Reconfigure Control Center items in Settings > Control Center.,candidate_for_human_verification - Curated AppleSupport domain example
gold_021,@AppleSupport Voicemail notification badge won't clear after listening to messages.,software_update,AUTO-HANDLE,Reset network settings or contact carrier to refresh voicemail box.,candidate_for_human_verification - Curated AppleSupport domain example
gold_022,@AppleSupport Battery health percentage dropped 5% overnight after software patch.,software_update,AUTO-HANDLE,Battery health recalibrates post update; monitor over 48 hours.,candidate_for_human_verification - Curated AppleSupport domain example
gold_023,@AppleSupport Personal Hotspot connection drops every 2 minutes after update.,software_update,AUTO-HANDLE,Toggle 'Maximize Compatibility' in Personal Hotspot settings.,candidate_for_human_verification - Curated AppleSupport domain example
gold_024,@AppleSupport Screen orientation auto-rotate is stuck in portrait mode.,software_update,AUTO-HANDLE,Check Portrait Orientation Lock in Control Center; restart device.,candidate_for_human_verification - Curated AppleSupport domain example
gold_025,@AppleSupport StandBy mode feature not activating when phone is charging sideways.,software_update,AUTO-HANDLE,Verify StandBy switch under Settings > StandBy; use MagSafe charger.,candidate_for_human_verification - Curated AppleSupport domain example
gold_026,@AppleSupport iMessage reactions and stickers failing to send after patch.,software_update,AUTO-HANDLE,Sign out of iMessage in Settings > Messages and sign back in.,candidate_for_human_verification - Curated AppleSupport domain example
gold_027,@AppleSupport Phone call audio sounds muffled through internal earpiece post update.,software_update,AUTO-HANDLE,Inspect earpiece mesh for debris; turn off Phone Noise Cancellation.,candidate_for_human_verification - Curated AppleSupport domain example
gold_028,@AppleSupport Mail app not fetching new emails automatically in background.,software_update,AUTO-HANDLE,Check Fetch New Data settings in Settings > Mail > Accounts.,candidate_for_human_verification - Curated AppleSupport domain example
gold_029,@AppleSupport Lock Screen widgets showing blank boxes after updating.,software_update,AUTO-HANDLE,Remove and re-add widgets on Lock Screen editing menu.,candidate_for_human_verification - Curated AppleSupport domain example
gold_030,@AppleSupport Update verification failed error appears every time I tap Install.,software_update,AUTO-HANDLE,Delete software update file from iPhone Storage and redownload.,candidate_for_human_verification - Curated AppleSupport domain example
gold_031,@AppleSupport My iPhone 13 screen went pitch black after dropping it on concrete.,hardware_battery,ESCALATE,Inspect physical screen damage; direct to Genius Bar repair appointment.,candidate_for_human_verification - Curated AppleSupport domain example
gold_032,@AppleSupport Battery drops from 80% to 15% in less than 30 minutes of mild usage.,hardware_battery,AUTO-HANDLE,Check Settings > Battery > Battery Health; send DM if capacity < 80%.,candidate_for_human_verification - Curated AppleSupport domain example
gold_033,@AppleSupport Phone gets extremely hot to touch while charging on official Apple MagSafe charger.,hardware_battery,AUTO-HANDLE,Remove heavy case; check charging temperature; disconnect if prompt appears.,candidate_for_human_verification - Curated AppleSupport domain example
gold_034,@AppleSupport My iPhone won't turn on at all after remaining plugged in overnight.,hardware_battery,AUTO-HANDLE,"Perform force restart (Volume Up, Volume Down, hold Side button).",candidate_for_human_verification - Curated AppleSupport domain example
gold_035,@AppleSupport Phone back glass shattered into pieces after falling out of my pocket.,hardware_battery,ESCALATE,Direct to apple.com/support/repair for out-of-warranty replacement options.,candidate_for_human_verification - Curated AppleSupport domain example
gold_036,@AppleSupport Battery percentage gets stuck at 80% while charging overnight.,hardware_battery,AUTO-HANDLE,Optimized Battery Charging holds charge at 80% until needed; check settings.,candidate_for_human_verification - Curated AppleSupport domain example
gold_037,@AppleSupport Lightning charging port feels loose and cable drops out constantly.,hardware_battery,ESCALATE,Inspect port for lint gently or visit Apple Store for physical port repair.,candidate_for_human_verification - Curated AppleSupport domain example
gold_038,@AppleSupport iPhone screen has a permanent dark yellow tint near top left corner.,hardware_battery,AUTO-HANDLE,"Turn off True Tone/Night Shift; if tint persists, hardware inspection needed.",candidate_for_human_verification - Curated AppleSupport domain example
gold_039,@AppleSupport Device swelling from back cover near battery area. Is this safe?,hardware_battery,ESCALATE,Stop using device immediately; disconnect charger; bring to Apple Store.,candidate_for_human_verification - Curated AppleSupport domain example
gold_040,@AppleSupport Camera lens glass cracked after dropping phone on rocks.,hardware_battery,ESCALATE,Schedule repair appointment at nearest Apple Authorized Service Provider.,candidate_for_human_verification - Curated AppleSupport domain example
gold_041,@AppleSupport Phone vibrates continuously when plugged into wall charger.,hardware_battery,AUTO-HANDLE,Check charging brick/cable compatibility; clean charging port.,candidate_for_human_verification - Curated AppleSupport domain example
gold_042,@AppleSupport Volume up physical button is stuck inside frame and won't click.,hardware_battery,ESCALATE,Requires physical button mechanism repair at Genius Bar.,candidate_for_human_verification - Curated AppleSupport domain example
gold_043,@AppleSupport Battery drain is very high while using GPS navigation in car.,hardware_battery,AUTO-HANDLE,GPS navigation uses heavy processing; use car charger while navigating.,candidate_for_human_verification - Curated AppleSupport domain example
gold_044,@AppleSupport Submerged phone in ocean water and speaker output sounds distorted.,hardware_battery,ESCALATE,Dry device completely; do not charge while wet; seek hardware service.,candidate_for_human_verification - Curated AppleSupport domain example
gold_045,@AppleSupport Battery maximum capacity reads 74% and says Service recommended.,hardware_battery,AUTO-HANDLE,Battery is degraded below standard 80%; recommend battery replacement.,candidate_for_human_verification - Curated AppleSupport domain example
gold_046,@AppleSupport Display panel shows pink lines running vertically down screen after drop.,hardware_battery,ESCALATE,Internal display panel damage; book Genius Bar screen replacement.,candidate_for_human_verification - Curated AppleSupport domain example
gold_047,@AppleSupport Wireless charging pad not detecting my iPhone through standard case.,hardware_battery,AUTO-HANDLE,Ensure case thickness is under 3mm and contains no metal components.,candidate_for_human_verification - Curated AppleSupport domain example
gold_048,@AppleSupport Power button snapped off side of device chassis.,hardware_battery,ESCALATE,Physical housing damage requiring hardware repair appointment.,candidate_for_human_verification - Curated AppleSupport domain example
gold_049,@AppleSupport Device shuts down unexpectedly whenever battery drops to 20%.,hardware_battery,AUTO-HANDLE,Battery peak performance capability compromised; check battery health.,candidate_for_human_verification - Curated AppleSupport domain example
gold_050,@AppleSupport Screen lifting away from aluminum frame near volume buttons.,hardware_battery,ESCALATE,Potential battery expansion; stop charging and visit Genius Bar.,candidate_for_human_verification - Curated AppleSupport domain example
gold_051,@AppleSupport Flashlight LED won't turn on and icon is grayed out.,hardware_battery,AUTO-HANDLE,Restart iPhone; verify device temperature is not too high.,candidate_for_human_verification - Curated AppleSupport domain example
gold_052,@AppleSupport Dropped phone in sink and touch screen no longer responds to touch.,hardware_battery,ESCALATE,Liquid damage triage; schedule in-person diagnostic test.,candidate_for_human_verification - Curated AppleSupport domain example
gold_053,@AppleSupport Battery drains fast only when using cellular 5G network.,hardware_battery,AUTO-HANDLE,Switch cellular voice & data option to 5G Auto or LTE in Settings.,candidate_for_human_verification - Curated AppleSupport domain example
gold_054,@AppleSupport Rear camera optical image stabilization buzzing loudly when opening app.,hardware_battery,ESCALATE,Hardware camera OIS module fault requiring module repair.,candidate_for_human_verification - Curated AppleSupport domain example
gold_055,@AppleSupport Phone display flickers briefly when turning screen lock on/off.,hardware_battery,AUTO-HANDLE,Adjust True Tone settings; restart phone.,candidate_for_human_verification - Curated AppleSupport domain example
gold_056,@AppleSupport Cracked front glass glass cuts fingers when swiping.,hardware_battery,ESCALATE,Schedule screen replacement appointment immediately.,candidate_for_human_verification - Curated AppleSupport domain example
gold_057,@AppleSupport Charging cable gets very hot to touch near Lightning connector.,hardware_battery,AUTO-HANDLE,Replace damaged charging cable immediately with MFi certified accessory.,candidate_for_human_verification - Curated AppleSupport domain example
gold_058,@AppleSupport Battery percentage drops 10% instantly upon unplugging from charger.,hardware_battery,AUTO-HANDLE,Calibrate battery gauge by full discharge and unbroken 100% recharge.,candidate_for_human_verification - Curated AppleSupport domain example
gold_059,@AppleSupport Speaker grill emits smoke or burning smell during fast charging.,hardware_battery,ESCALATE,Unplug immediately; disconnect power; contact Apple Support safety team.,candidate_for_human_verification - Curated AppleSupport domain example
gold_060,@AppleSupport Screen flickers yellow when brightness is turned below 20%.,hardware_battery,AUTO-HANDLE,Turn off Night Shift; test display in standard lighting conditions.,candidate_for_human_verification - Curated AppleSupport domain example
gold_061,@AppleSupport Forgot my Apple ID password and locked out of primary account.,account_icloud,ESCALATE,Direct to iforgot.apple.com; escalate due to account security verification.,candidate_for_human_verification - Curated AppleSupport domain example
gold_062,@AppleSupport iCloud storage shows full 50GB occupied even after deleting photos.,account_icloud,AUTO-HANDLE,Empty 'Recently Deleted' album in Photos; check iCloud Backup sizes.,candidate_for_human_verification - Curated AppleSupport domain example
gold_063,@AppleSupport I am not receiving the 2FA verification codes sent to my trusted phone number.,account_icloud,ESCALATE,Check carrier SMS blocking; direct to account recovery flow at iforgot.apple.com.,candidate_for_human_verification - Curated AppleSupport domain example
gold_064,@AppleSupport Someone logged into my Apple ID from another country! Account compromised!,account_icloud,ESCALATE,Change password immediately; revoke unknown trusted devices at appleid.apple.com.,candidate_for_human_verification - Curated AppleSupport domain example
gold_065,@AppleSupport How do I upgrade my iCloud storage plan from 50GB to 200GB?,account_icloud,AUTO-HANDLE,Go to Settings > [Your Name] > iCloud > Manage Account Storage > Change Storage Plan.,candidate_for_human_verification - Curated AppleSupport domain example
gold_066,@AppleSupport Account Recovery request says it will take 3 days. Can you speed it up?,account_icloud,ESCALATE,Account recovery automated security wait period cannot be manually bypassed.,candidate_for_human_verification - Curated AppleSupport domain example
gold_067,@AppleSupport Photos stopped syncing to iCloud across my Mac and iPad.,account_icloud,AUTO-HANDLE,Verify iCloud Photos is toggled ON under Settings > [Your Name] > iCloud > Photos.,candidate_for_human_verification - Curated AppleSupport domain example
gold_068,@AppleSupport Locked out of Apple ID due to typing incorrect password too many times.,account_icloud,ESCALATE,Reset password at iforgot.apple.com to unlock account access.,candidate_for_human_verification - Curated AppleSupport domain example
gold_069,@AppleSupport How do I share my 2TB iCloud+ storage plan with my Family Sharing group?,account_icloud,AUTO-HANDLE,Go to Settings > Family > Subscriptions > iCloud+ > Share with Family.,candidate_for_human_verification - Curated AppleSupport domain example
gold_070,@AppleSupport Cannot sign out of iCloud because Sign Out button is grayed out.,account_icloud,ESCALATE,Disable Screen Time restriction under Content & Privacy Restrictions.,candidate_for_human_verification - Curated AppleSupport domain example
gold_071,@AppleSupport How do I turn off iCloud Keychain password auto-fill on my phone?,account_icloud,AUTO-HANDLE,Toggle Keychain off under Settings > [Your Name] > iCloud > Passwords and Keychain.,candidate_for_human_verification - Curated AppleSupport domain example
gold_072,@AppleSupport My trusted device phone number was changed by unauthorized hacker.,account_icloud,ESCALATE,Escalate to Apple ID Fraud & Security Escalation team.,candidate_for_human_verification - Curated AppleSupport domain example
gold_073,@AppleSupport Can I merge two separate Apple ID accounts into one unified account?,account_icloud,AUTO-HANDLE,Apple ID accounts cannot be merged; transfer data manually or use Family Sharing.,candidate_for_human_verification - Curated AppleSupport domain example
gold_074,@AppleSupport iCloud Mail address receiving heavy spam emails. How to filter?,account_icloud,AUTO-HANDLE,Set up email rules in icloud.com mail web console.,candidate_for_human_verification - Curated AppleSupport domain example
gold_075,@AppleSupport My iCloud Backup failed because of insufficient network connection.,account_icloud,AUTO-HANDLE,Connect to stable Wi-Fi network and plug iPhone into power source.,candidate_for_human_verification - Curated AppleSupport domain example
gold_076,@AppleSupport Forgot security questions for legacy Apple ID account created in 2012.,account_icloud,ESCALATE,Direct to iforgot.apple.com or verify identity with security team.,candidate_for_human_verification - Curated AppleSupport domain example
gold_077,@AppleSupport How do I download a complete copy of all my data stored in iCloud?,account_icloud,AUTO-HANDLE,Visit privacy.apple.com and select 'Request a copy of your data'.,candidate_for_human_verification - Curated AppleSupport domain example
gold_078,@AppleSupport Activation Lock screen appears on refurbished phone bought second-hand.,account_icloud,ESCALATE,Requires original purchase receipt or seller to remove device from Find My.,candidate_for_human_verification - Curated AppleSupport domain example
gold_079,@AppleSupport iCloud Drive files not appearing in Files app on iOS.,account_icloud,AUTO-HANDLE,Ensure iCloud Drive is enabled in Settings > [Your Name] > iCloud.,candidate_for_human_verification - Curated AppleSupport domain example
gold_080,@AppleSupport Security key hardware token lost for Apple ID Advanced Data Protection.,account_icloud,ESCALATE,"Without trusted security key or recovery key, account access cannot be restored.",candidate_for_human_verification - Curated AppleSupport domain example
gold_081,@AppleSupport How do I change the primary email address associated with my Apple ID?,account_icloud,AUTO-HANDLE,Sign in to appleid.apple.com and edit 'Sign-In and Security' email.,candidate_for_human_verification - Curated AppleSupport domain example
gold_082,@AppleSupport Contacts vanished from phone after toggling iCloud account off.,account_icloud,AUTO-HANDLE,Toggle Contacts switch back ON under Settings > [Your Name] > iCloud.,candidate_for_human_verification - Curated AppleSupport domain example
gold_083,@AppleSupport How to setup Legacy Contact for Apple ID digital inheritance?,account_icloud,AUTO-HANDLE,Go to Settings > [Your Name] > Sign-In & Security > Legacy Contact.,candidate_for_human_verification - Curated AppleSupport domain example
gold_084,@AppleSupport Verification code sent to Apple Watch not displaying code digits.,account_icloud,ESCALATE,Check Bluetooth connectivity between iPhone and Watch; resend SMS code.,candidate_for_human_verification - Curated AppleSupport domain example
gold_085,@AppleSupport iCloud Private Relay not working on public Wi-Fi network.,account_icloud,AUTO-HANDLE,Some public Wi-Fi networks block Private Relay; disable in network settings.,candidate_for_human_verification - Curated AppleSupport domain example
gold_086,@AppleSupport Notes app stopped syncing entries between iPhone and MacBook.,account_icloud,AUTO-HANDLE,Check Default Account setting in Settings > Notes.,candidate_for_human_verification - Curated AppleSupport domain example
gold_087,@AppleSupport Apple ID account disabled for security reasons pop-up.,account_icloud,ESCALATE,Direct user to reset password at iforgot.apple.com.,candidate_for_human_verification - Curated AppleSupport domain example
gold_088,@AppleSupport How do I create a custom email domain with my iCloud+ subscription?,account_icloud,AUTO-HANDLE,Set up custom domain at icloud.com/settings or via iCloud Mail settings.,candidate_for_human_verification - Curated AppleSupport domain example
gold_089,@AppleSupport Hide My Email feature creating random address not sending emails.,account_icloud,AUTO-HANDLE,Check forwarded address under Settings > [Your Name] > iCloud > Hide My Email.,candidate_for_human_verification - Curated AppleSupport domain example
gold_090,@AppleSupport Child account age change request failing on Family Sharing admin console.,account_icloud,ESCALATE,Contact Apple Support to verify legal birth certificate details for child account.,candidate_for_human_verification - Curated AppleSupport domain example
gold_091,@AppleSupport I was double charged $14.99 for my monthly Apple Music subscription on my credit card!,billing_refund,ESCALATE,Direct to reportaproblem.apple.com; escalate to human billing specialist.,candidate_for_human_verification - Curated AppleSupport domain example
gold_092,@AppleSupport My child accidentally spent $50 on in-app purchases. I need an immediate refund.,billing_refund,ESCALATE,Submit refund request at reportaproblem.apple.com; enable Screen Time purchase limits.,candidate_for_human_verification - Curated AppleSupport domain example
gold_093,@AppleSupport How do I cancel an active auto-renewing app subscription on my iPhone?,billing_refund,AUTO-HANDLE,Go to Settings > [Your Name] > Subscriptions > Cancel Subscription.,candidate_for_human_verification - Curated AppleSupport domain example
gold_094,@AppleSupport Charged $99.99 for annual app auto-renewal without pre-notification.,billing_refund,ESCALATE,Request refund via reportaproblem.apple.com; check subscription terms.,candidate_for_human_verification - Curated AppleSupport domain example
gold_095,@AppleSupport App Store gift card code shows 'already redeemed' when entered.,billing_refund,ESCALATE,Verify purchase receipt; escalate to Apple Gift Card billing support.,candidate_for_human_verification - Curated AppleSupport domain example
gold_096,@AppleSupport How to change credit card billing details on iTunes account?,billing_refund,AUTO-HANDLE,Update payment method in Settings > [Your Name] > Payment & Shipping.,candidate_for_human_verification - Curated AppleSupport domain example
gold_097,@AppleSupport Payment method declined error message on App Store despite sufficient funds.,billing_refund,ESCALATE,Check billing address details or contact credit card issuing bank.,candidate_for_human_verification - Curated AppleSupport domain example
gold_098,@AppleSupport Subscribed to 7-day free trial but credit card was billed full price immediately.,billing_refund,ESCALATE,Submit billing claim at reportaproblem.apple.com for trial fee refund.,candidate_for_human_verification - Curated AppleSupport domain example
gold_099,@AppleSupport How do I view purchase history for App Store transactions from last year?,billing_refund,AUTO-HANDLE,View purchase history under Settings > [Your Name] > Media & Purchases > View Account.,candidate_for_human_verification - Curated AppleSupport domain example
gold_100,@AppleSupport Unknown charge from 'APPLE.COM/BILL' for $29.99 on bank statement.,billing_refund,ESCALATE,Search purchase history at reportaproblem.apple.com; escalate if unrecognized.,candidate_for_human_verification - Curated AppleSupport domain example
gold_101,@AppleSupport How to redeem an Apple Gift Card code on iPhone?,billing_refund,AUTO-HANDLE,Open App Store > tap account icon > tap Redeem Gift Card or Code.,candidate_for_human_verification - Curated AppleSupport domain example
gold_102,@AppleSupport Refund request for accidentally purchased app was denied. How do I appeal?,billing_refund,ESCALATE,Escalate to Senior Billing Supervisor for refund appeal review.,candidate_for_human_verification - Curated AppleSupport domain example
gold_103,@AppleSupport Can I use PayPal as primary payment method for App Store purchases?,billing_refund,AUTO-HANDLE,PayPal can be added under Settings > [Your Name] > Payment & Shipping.,candidate_for_human_verification - Curated AppleSupport domain example
gold_104,@AppleSupport How do I stop Family Sharing members from charging my credit card?,billing_refund,AUTO-HANDLE,Turn off Purchase Sharing under Settings > Family > Purchase Sharing.,candidate_for_human_verification - Curated AppleSupport domain example
gold_105,@AppleSupport Account balance of $15 gift card credit disappeared from account.,billing_refund,ESCALATE,Contact Apple Support billing team to audit gift card ledger balance.,candidate_for_human_verification - Curated AppleSupport domain example
gold_106,@AppleSupport How do I get an official invoice PDF receipt for my MacBook purchase?,billing_refund,AUTO-HANDLE,Download tax invoice at apple.com/orderstatus or check order confirmation email.,candidate_for_human_verification - Curated AppleSupport domain example
gold_107,@AppleSupport Charged twice for iCloud 200GB storage upgrade this month.,billing_refund,ESCALATE,Submit billing dispute at reportaproblem.apple.com.,candidate_for_human_verification - Curated AppleSupport domain example
gold_108,@AppleSupport Free 6 months Apple Music offer with AirPods purchase not showing in app.,billing_refund,AUTO-HANDLE,Redeem offer within 90 days of pairing new AirPods in Apple Music app.,candidate_for_human_verification - Curated AppleSupport domain example
gold_109,@AppleSupport Card charged for app subscription after I already cancelled it last week.,billing_refund,ESCALATE,Verify cancellation timestamp; submit refund claim at reportaproblem.apple.com.,candidate_for_human_verification - Curated AppleSupport domain example
gold_110,@AppleSupport How to remove expired credit card from Apple Pay Wallet app?,billing_refund,AUTO-HANDLE,Open Wallet app > select card > tap menu button > select Remove Card.,candidate_for_human_verification - Curated AppleSupport domain example
gold_111,@AppleSupport App developer promised refund but money has not returned to bank account.,billing_refund,ESCALATE,Refunds take 3-5 business days; check status at reportaproblem.apple.com.,candidate_for_human_verification - Curated AppleSupport domain example
gold_112,@AppleSupport How do I turn off automatic renewal for Apple TV+ subscription?,billing_refund,AUTO-HANDLE,Cancel subscription under Settings > [Your Name] > Subscriptions.,candidate_for_human_verification - Curated AppleSupport domain example
gold_113,@AppleSupport Credit card charged in foreign currency with extra transaction fee.,billing_refund,ESCALATE,Update billing region in Apple ID account settings.,candidate_for_human_verification - Curated AppleSupport domain example
gold_114,@AppleSupport Can I share Apple One subscription with family members?,billing_refund,AUTO-HANDLE,Apple One Family or Premier plans can be shared with up to 5 family members.,candidate_for_human_verification - Curated AppleSupport domain example
gold_115,@AppleSupport In-app purchase item bought for $19.99 never unlocked in game.,billing_refund,ESCALATE,Report missing item purchase at reportaproblem.apple.com or contact developer.,candidate_for_human_verification - Curated AppleSupport domain example
gold_116,@AppleSupport How do I set up Apple Pay on my new iPhone 15?,billing_refund,AUTO-HANDLE,Open Wallet app > tap + button > follow screen instructions to add card.,candidate_for_human_verification - Curated AppleSupport domain example
gold_117,@AppleSupport Bank flagged Apple Store transaction as fraudulent and blocked card.,billing_refund,ESCALATE,Contact issuing bank to authorize charge and update payment method.,candidate_for_human_verification - Curated AppleSupport domain example
gold_118,@AppleSupport How to check remaining balance on Apple Gift Card?,billing_refund,AUTO-HANDLE,Check balance online at apple.com/go/gcb/us or in Wallet app.,candidate_for_human_verification - Curated AppleSupport domain example
gold_119,@AppleSupport Billed for subscription after deleting app from home screen.,billing_refund,ESCALATE,Deleting an app does not cancel subscription; direct to subscription settings.,candidate_for_human_verification - Curated AppleSupport domain example
gold_120,@AppleSupport How do I change Apple Pay default payment card?,billing_refund,AUTO-HANDLE,Go to Settings > Wallet & Apple Pay > Default Card under Transaction Defaults.,candidate_for_human_verification - Curated AppleSupport domain example
gold_121,@AppleSupport Left AirPod Pro completely dead and silent while right AirPod works fine.,accessory_connectivity,AUTO-HANDLE,Clean charging tail/case contacts; reset AirPods by holding case setup button.,candidate_for_human_verification - Curated AppleSupport domain example
gold_122,@AppleSupport My Apple Watch Series 8 will not pair with my new iPhone 15.,accessory_connectivity,AUTO-HANDLE,Unpair Watch from old phone; reset network settings; restart both devices.,candidate_for_human_verification - Curated AppleSupport domain example
gold_123,@AppleSupport Right AirPod micro-phone has extreme static sound during calls.,accessory_connectivity,AUTO-HANDLE,Reset AirPods; clean mic grill at bottom of stem.,candidate_for_human_verification - Curated AppleSupport domain example
gold_124,@AppleSupport MagSafe wallet animation stopped showing when attached.,accessory_connectivity,AUTO-HANDLE,Toggle Find My MagSafe wallet settings; restart iPhone.,candidate_for_human_verification - Curated AppleSupport domain example
gold_125,@AppleSupport Apple Pencil 2nd gen drops Bluetooth connection every few minutes.,accessory_connectivity,AUTO-HANDLE,"Unpair Pencil in Bluetooth settings, re-attach magnetically to side of iPad.",candidate_for_human_verification - Curated AppleSupport domain example
gold_126,@AppleSupport AirPods case light flashing orange continuously and won't pair.,accessory_connectivity,AUTO-HANDLE,Reset AirPods case by holding setup button for 15 seconds until light flashes amber then white.,candidate_for_human_verification - Curated AppleSupport domain example
gold_127,@AppleSupport Apple Watch battery drains from 100% to zero in 5 hours.,accessory_connectivity,AUTO-HANDLE,Check Watch battery health; unpair and re-pair Watch as new device.,candidate_for_human_verification - Curated AppleSupport domain example
gold_128,@AppleSupport Magic Keyboard trackpad gesture scrolling reversed on iPad.,accessory_connectivity,AUTO-HANDLE,Adjust Natural Scrolling setting under Settings > General > Trackpad.,candidate_for_human_verification - Curated AppleSupport domain example
gold_129,@AppleSupport AirPods Max ear cups squeaking with high pitched feedback noise.,accessory_connectivity,AUTO-HANDLE,Clean optical sensors; restart AirPods Max by holding noise control and crown button.,candidate_for_human_verification - Curated AppleSupport domain example
gold_130,@AppleSupport AirTag battery low warning showing after 14 months of use.,accessory_connectivity,AUTO-HANDLE,Replace AirTag CR2032 coin cell battery.,candidate_for_human_verification - Curated AppleSupport domain example
gold_131,@AppleSupport Apple Watch screen stuck on red exclamation mark icon.,accessory_connectivity,AUTO-HANDLE,Double-press side button and follow recovery steps on paired iPhone.,candidate_for_human_verification - Curated AppleSupport domain example
gold_132,@AppleSupport Beats Studio Buds audio dropping in right ear outdoor.,accessory_connectivity,AUTO-HANDLE,Reset Beats buds; update Beats firmware via Beats app or iOS settings.,candidate_for_human_verification - Curated AppleSupport domain example
gold_133,@AppleSupport Magic Mouse won't connect via Bluetooth to Mac mini.,accessory_connectivity,AUTO-HANDLE,Connect Magic Mouse to Mac via Lightning cable to re-establish Bluetooth pairing.,candidate_for_human_verification - Curated AppleSupport domain example
gold_134,@AppleSupport AirPods Pro Noise Cancellation mode feels weaker after firmware update.,accessory_connectivity,AUTO-HANDLE,Ensure silicone ear tips fit snugly; run Ear Tip Fit Test in settings.,candidate_for_human_verification - Curated AppleSupport domain example
gold_135,@AppleSupport Apple Pencil tip worn down to metal stem. Do I replace tip?,accessory_connectivity,AUTO-HANDLE,Replace worn Apple Pencil tip with official Apple Pencil Replacement Tips.,candidate_for_human_verification - Curated AppleSupport domain example
gold_136,@AppleSupport MagSafe Battery Pack charging iPhone slowly at 5W.,accessory_connectivity,AUTO-HANDLE,Connect MagSafe Battery Pack to 20W+ power adapter to charge at 15W.,candidate_for_human_verification - Curated AppleSupport domain example
gold_137,@AppleSupport Apple Watch Digital Crown dial feels sticky and hard to turn.,accessory_connectivity,AUTO-HANDLE,Rinse Digital Crown under warm tap water for 10 seconds while turning.,candidate_for_human_verification - Curated AppleSupport domain example
gold_138,@AppleSupport AirPods automatic device switching between iPad and Mac not working.,accessory_connectivity,AUTO-HANDLE,Verify 'Connect to this Mac/iPad' setting is set to Automatically on both devices.,candidate_for_human_verification - Curated AppleSupport domain example
gold_139,@AppleSupport HomePod mini not responding in Home app and shows 'Not Responding'.,accessory_connectivity,AUTO-HANDLE,"Unplug HomePod mini power adapter, wait 10 seconds, and plug back in.",candidate_for_human_verification - Curated AppleSupport domain example
gold_140,@AppleSupport Siri remote for Apple TV 4K not scrolling or responding.,accessory_connectivity,AUTO-HANDLE,Reset Siri Remote by pressing TV and Volume Down buttons simultaneously for 5 seconds.,candidate_for_human_verification - Curated AppleSupport domain example
gold_141,@AppleSupport AirPods battery status popup not appearing on iPhone screen.,accessory_connectivity,AUTO-HANDLE,Ensure Bluetooth is enabled; open AirPods case lid close to unlocked iPhone.,candidate_for_human_verification - Curated AppleSupport domain example
gold_142,@AppleSupport Apple Watch heart rate monitor LED lights turned off.,accessory_connectivity,AUTO-HANDLE,Verify Heart Rate privacy setting under Settings > Privacy > Health > Heart Rate.,candidate_for_human_verification - Curated AppleSupport domain example
gold_143,@AppleSupport Smart Keyboard Folio keys failing to type on iPad Pro.,accessory_connectivity,AUTO-HANDLE,Clean Smart Connector contact dots on back of iPad with micro-fiber cloth.,candidate_for_human_verification - Curated AppleSupport domain example
gold_144,@AppleSupport AirTag Precision Finding arrow not showing on iPhone 11.,accessory_connectivity,AUTO-HANDLE,Precision Finding requires Ultra Wideband chip; ensure Location Services are ON.,candidate_for_human_verification - Curated AppleSupport domain example
gold_145,@AppleSupport AirPods audio volume very low in left ear compared to right ear.,accessory_connectivity,AUTO-HANDLE,Check Audio Balance slider under Settings > Accessibility > Audio/Visual.,candidate_for_human_verification - Curated AppleSupport domain example
gold_146,@AppleSupport Apple Watch workout app GPS route tracking inaccurate.,accessory_connectivity,AUTO-HANDLE,Calibrate Apple Watch by completing 20-minute outdoor walk or run.,candidate_for_human_verification - Curated AppleSupport domain example
gold_147,@AppleSupport MagSafe Duo Charger folding hinge tearing near seam.,accessory_connectivity,AUTO-HANDLE,Inspect physical cable/hinge wear; visit Apple Store for accessory replacement.,candidate_for_human_verification - Curated AppleSupport domain example
gold_148,@AppleSupport AirPods mic picking up heavy wind noise during phone calls.,accessory_connectivity,AUTO-HANDLE,Set Microphone selection setting to Always Left or Always Right ear.,candidate_for_human_verification - Curated AppleSupport domain example
gold_149,@AppleSupport Apple Pencil 1st gen won't charge when plugged into iPad port.,accessory_connectivity,AUTO-HANDLE,Use Lightning adapter connector to charge Pencil directly from wall cable.,candidate_for_human_verification - Curated AppleSupport domain example
gold_150,@AppleSupport Beats Fit Pro wingtips tearing after 6 months of active workouts.,accessory_connectivity,AUTO-HANDLE,Replace wingtip accessories or visit Beats service channel.,candidate_for_human_verification - Curated AppleSupport domain example
gold_151,@AppleSupport How can I book an in-person Genius Bar appointment at Fifth Avenue Apple Store?,repair_store_genius,AUTO-HANDLE,Book via support.apple.com or Apple Support iOS app under Store Appointments.,candidate_for_human_verification - Curated AppleSupport domain example
gold_152,@AppleSupport My repair status for dispatch ID R987234 has not updated in 5 business days.,repair_store_genius,ESCALATE,Escalate to repair logistics team; check status at mysupport.apple.com.,candidate_for_human_verification - Curated AppleSupport domain example
gold_153,@AppleSupport How do I cancel my Genius Bar appointment scheduled for tomorrow?,repair_store_genius,AUTO-HANDLE,Manage or cancel appointments via Apple Support app or confirmation email.,candidate_for_human_verification - Curated AppleSupport domain example
gold_154,@AppleSupport Is trade-in available at Apple Store without original product box?,repair_store_genius,AUTO-HANDLE,"Yes, original box is not required for trade-in evaluation.",candidate_for_human_verification - Curated AppleSupport domain example
gold_155,@AppleSupport What documents do I need to bring for an in-store Genius Bar appointment?,repair_store_genius,AUTO-HANDLE,"Bring valid government photo ID, device, and back up data prior to appointment.",candidate_for_human_verification - Curated AppleSupport domain example
gold_156,@AppleSupport Shipped phone for mail-in screen repair 2 weeks ago but tracking says pending delivery.,repair_store_genius,ESCALATE,Escalate to Apple Repair Mail-in Logistics team to track shipment.,candidate_for_human_verification - Curated AppleSupport domain example
gold_157,@AppleSupport Can I send someone else to pick up my repaired MacBook at Apple Store?,repair_store_genius,AUTO-HANDLE,Authorized pick-up person must be added to repair order and bring photo ID.,candidate_for_human_verification - Curated AppleSupport domain example
gold_158,@AppleSupport How long does an in-store iPhone screen replacement usually take?,repair_store_genius,AUTO-HANDLE,Same-day screen repairs typically take 1 to 2 hours depending on store store load.,candidate_for_human_verification - Curated AppleSupport domain example
gold_159,@AppleSupport Apple Store technician lost my original SIM tray during battery repair.,repair_store_genius,ESCALATE,Escalate to Store Service Manager for replacement SIM tray dispatch.,candidate_for_human_verification - Curated AppleSupport domain example
gold_160,@AppleSupport How do I find an Apple Authorized Service Provider near me?,repair_store_genius,AUTO-HANDLE,Search authorized service locations at locate.apple.com.,candidate_for_human_verification - Curated AppleSupport domain example
gold_161,@AppleSupport Do I need to turn off Find My before submitting phone for repair?,repair_store_genius,AUTO-HANDLE,"Yes, Find My must be turned OFF before technician service can begin.",candidate_for_human_verification - Curated AppleSupport domain example
gold_162,@AppleSupport Received repaired phone from depot but back camera is broken now.,repair_store_genius,ESCALATE,Escalate to Repair Quality Assurance team for re-repair inspection.,candidate_for_human_verification - Curated AppleSupport domain example
gold_163,@AppleSupport How do I check if my device is eligible for Self Service Repair program?,repair_store_genius,AUTO-HANDLE,Check manual and genuine parts eligibility at selfservicerepair.apple.com.,candidate_for_human_verification - Curated AppleSupport domain example
gold_164,@AppleSupport Can I reschedule my Genius Bar reservation to next weekend?,repair_store_genius,AUTO-HANDLE,Reschedule appointment time via Apple Support app or support website.,candidate_for_human_verification - Curated AppleSupport domain example
gold_165,@AppleSupport Quote for MacBook logic board repair is higher than original estimate.,repair_store_genius,ESCALATE,Escalate to Repair Service Representative to review cost estimate breakdown.,candidate_for_human_verification - Curated AppleSupport domain example
gold_166,@AppleSupport What is the cost of battery replacement for iPhone 12 out of warranty?,repair_store_genius,AUTO-HANDLE,Check estimated repair pricing at apple.com/support/repair/cost.,candidate_for_human_verification - Curated AppleSupport domain example
gold_167,@AppleSupport Can I drop off my iPhone for repair without an advance reservation?,repair_store_genius,AUTO-HANDLE,Walk-ins accepted based on availability; advance appointment strongly recommended.,candidate_for_human_verification - Curated AppleSupport domain example
gold_168,@AppleSupport Service center holds my iPad for 3 weeks without spare part ETA.,repair_store_genius,ESCALATE,Escalate to Senior Repair Support Supervisor for parts expedited delivery.,candidate_for_human_verification - Curated AppleSupport domain example
gold_169,@AppleSupport How do I prepare my Mac before bringing it into Genius Bar?,repair_store_genius,AUTO-HANDLE,Back up data via Time Machine; turn off FileVault password lock.,candidate_for_human_verification - Curated AppleSupport domain example
gold_170,@AppleSupport Does Apple Store offer loaner phones during multi-day repairs?,repair_store_genius,AUTO-HANDLE,Loaner phones subject to store availability for eligible AppleCare+ repairs.,candidate_for_human_verification - Curated AppleSupport domain example
gold_171,@AppleSupport Store closed early due to weather emergency during my repair pick-up time.,repair_store_genius,ESCALATE,Escalate to Customer Support to reschedule pick-up window.,candidate_for_human_verification - Curated AppleSupport domain example
gold_172,@AppleSupport Can I trade in a broken iPhone with cracked screen for store credit?,repair_store_genius,AUTO-HANDLE,Cracked devices evaluated for reduced trade-in value or free recycling.,candidate_for_human_verification - Curated AppleSupport domain example
gold_173,@AppleSupport How do I check warranty coverage status using my serial number?,repair_store_genius,AUTO-HANDLE,Check coverage details at checkcoverage.apple.com.,candidate_for_human_verification - Curated AppleSupport domain example
gold_174,@AppleSupport Mail-in repair box was damaged during courier transit to depot.,repair_store_genius,ESCALATE,Initiate damaged transit claim with shipping carrier and repair depot.,candidate_for_human_verification - Curated AppleSupport domain example
gold_175,@AppleSupport Where can I buy official Apple screen protector installation service?,repair_store_genius,AUTO-HANDLE,Belkin screen protector installation service available at official Apple Retail Stores.,candidate_for_human_verification - Curated AppleSupport domain example
gold_176,@AppleSupport Is the 2nd generation Apple Pencil compatible with the new iPad Air 5th Gen?,general_inquiry,AUTO-HANDLE,"Yes, Apple Pencil 2nd gen is fully compatible with iPad Air 5th gen.",candidate_for_human_verification - Curated AppleSupport domain example
gold_177,@AppleSupport What are the holiday opening hours for Apple Store in Regent Street London?,general_inquiry,AUTO-HANDLE,Check local store hours online at apple.com/retail/regentstreet.,candidate_for_human_verification - Curated AppleSupport domain example
gold_178,@AppleSupport Does iPhone 15 support dual eSIM functionality?,general_inquiry,AUTO-HANDLE,"Yes, iPhone 15 models support Dual eSIM with multiple active profiles.",candidate_for_human_verification - Curated AppleSupport domain example
gold_179,@AppleSupport What is the warranty coverage duration for newly purchased MacBooks?,general_inquiry,AUTO-HANDLE,Includes 1-year limited hardware warranty and 90 days complimentary support.,candidate_for_human_verification - Curated AppleSupport domain example
gold_180,@AppleSupport What is the water resistance IP rating for iPhone 15 Pro?,general_inquiry,AUTO-HANDLE,IP68 rated under IEC standard 60529 (maximum depth of 6 meters up to 30 minutes).,candidate_for_human_verification - Curated AppleSupport domain example
gold_181,@AppleSupport Does AppleCare+ cover international repairs when traveling abroad?,general_inquiry,AUTO-HANDLE,AppleCare+ provides global repair coverage in countries where service is available.,candidate_for_human_verification - Curated AppleSupport domain example
gold_182,@AppleSupport Can I use 30W USB-C charger from MacBook Air to charge my iPhone?,general_inquiry,AUTO-HANDLE,"Yes, Apple USB-C power adapters safely fast-charge compatible iPhone models.",candidate_for_human_verification - Curated AppleSupport domain example
gold_183,@AppleSupport What is the difference between AppleCare+ and standard 1-year Warranty?,general_inquiry,AUTO-HANDLE,AppleCare+ adds accidental damage protection and 24/7 priority technical support.,candidate_for_human_verification - Curated AppleSupport domain example
gold_184,@AppleSupport How many external monitors can I connect to MacBook Pro with M3 chip?,general_inquiry,AUTO-HANDLE,M3 MacBook Pro supports one external display up to 6K resolution at 60Hz.,candidate_for_human_verification - Curated AppleSupport domain example
gold_185,@AppleSupport Is MagSafe charging compatible with iPhone 11 model?,general_inquiry,AUTO-HANDLE,iPhone 11 supports Qi wireless charging; MagSafe magnetic alignment starts with iPhone 12.,candidate_for_human_verification - Curated AppleSupport domain example
gold_186,@AppleSupport Does iPad 10th generation support Stage Manager multitasking?,general_inquiry,AUTO-HANDLE,Stage Manager is supported on iPad models with M1 chip or later and iPad Air 5th gen.,candidate_for_human_verification - Curated AppleSupport domain example
gold_187,@AppleSupport What audio codecs do AirPods Pro 2 support for lossless listening?,general_inquiry,AUTO-HANDLE,AirPods Pro 2 support AAC codec and low-latency Lossless Audio with Vision Pro.,candidate_for_human_verification - Curated AppleSupport domain example
gold_188,@AppleSupport Can I transfer physical SIM card to eSIM on iPhone 15?,general_inquiry,AUTO-HANDLE,"Yes, convert physical SIM to eSIM via Settings > Cellular > Convert to eSIM.",candidate_for_human_verification - Curated AppleSupport domain example
gold_189,@AppleSupport What is the maximum storage capacity available for iPhone 15 Pro Max?,general_inquiry,AUTO-HANDLE,"Available in 256GB, 512GB, and 1TB storage configurations.",candidate_for_human_verification - Curated AppleSupport domain example
gold_190,@AppleSupport Does Apple offer educational student discount pricing on MacBooks?,general_inquiry,AUTO-HANDLE,"Yes, verified students and educators receive discount pricing at apple.com/us-hed/shop.",candidate_for_human_verification - Curated AppleSupport domain example
gold_191,@AppleSupport How to enable Action Button customization on iPhone 15 Pro?,general_inquiry,AUTO-HANDLE,Configure Action Button under Settings > Action Button.,candidate_for_human_verification - Curated AppleSupport domain example
gold_192,@AppleSupport Is Apple Card credit card available for international residents outside US?,general_inquiry,AUTO-HANDLE,Apple Card is currently available exclusively to eligible United States residents.,candidate_for_human_verification - Curated AppleSupport domain example
gold_193,@AppleSupport Does Apple Fitness+ require an Apple Watch to subscribe?,general_inquiry,AUTO-HANDLE,Apple Fitness+ can be used with just an iPhone on iOS 16.1 or later.,candidate_for_human_verification - Curated AppleSupport domain example
gold_194,@AppleSupport What is the battery video playback battery life specification for Mac Studio?,general_inquiry,AUTO-HANDLE,Mac Studio is a desktop computer powered via direct AC outlet plug.,candidate_for_human_verification - Curated AppleSupport domain example
gold_195,@AppleSupport Can I use Apple Pay in web browser on Windows PC?,general_inquiry,AUTO-HANDLE,"Apple Pay on web requires Safari browser on iPhone, iPad, or Mac.",candidate_for_human_verification - Curated AppleSupport domain example
gold_196,@AppleSupport What cable connector is included in box with iPhone 15?,general_inquiry,AUTO-HANDLE,Includes a 1-meter USB-C Charge Cable in the box.,candidate_for_human_verification - Curated AppleSupport domain example
gold_197,@AppleSupport Does Apple Vision Pro support prescription lens inserts?,general_inquiry,AUTO-HANDLE,ZEISS Optical Inserts available for prescription vision correction.,candidate_for_human_verification - Curated AppleSupport domain example
gold_198,@AppleSupport What is the weight difference between iPhone 14 Pro and iPhone 15 Pro?,general_inquiry,AUTO-HANDLE,iPhone 15 Pro is ~19 grams lighter due to grade 5 titanium frame.,candidate_for_human_verification - Curated AppleSupport domain example
gold_199,@AppleSupport Can I use AirTag to track my pet dog?,general_inquiry,AUTO-HANDLE,AirTag is designed for tracking items and personal property.,candidate_for_human_verification - Curated AppleSupport domain example
gold_200,@AppleSupport How do I check trade-in estimated value for my old iPhone 12?,general_inquiry,AUTO-HANDLE,Check trade-in estimate value online at apple.com/shop/trade-in.,candidate_for_human_verification - Curated AppleSupport domain example
